"database_name","source_object","object_type","object_engine","object_total_rows","object_modified_at","object_comment","field_position","field_name","field_type","is_nullable","default_kind","default_expression","field_comment","is_in_partition_key","is_in_sorting_key","is_in_primary_key","is_in_sampling_key","compression_codec","serialization_hint"
"cna","jp_researchers","TABLE","MergeTree",259908,"2025-03-20 00:37:14","",1,"user_id","String",0,"","","rm:user_id",0,1,1,0,"","Default"
"cna","jp_researchers","TABLE","MergeTree",259908,"2025-03-20 00:37:14","",2,"creator_id","String",0,"","","记录创建者的用户ID",0,0,0,0,"","Default"
"cna","jp_researchers","TABLE","MergeTree",259908,"2025-03-20 00:37:14","",3,"creator_type","String",0,"","","记录创建者的类型",0,0,0,0,"","Default"
"cna","jp_researchers","TABLE","MergeTree",259908,"2025-03-20 00:37:14","",4,"created","DateTime",0,"","","记录创建时间",0,0,0,0,"","Default"
"cna","jp_researchers","TABLE","MergeTree",259908,"2025-03-20 00:37:14","",5,"modifier_id","String",0,"","","记录最后修改者的用户ID",0,0,0,0,"","Default"
"cna","jp_researchers","TABLE","MergeTree",259908,"2025-03-20 00:37:14","",6,"modifier_type","String",0,"","","记录最后修改者的类型",0,0,0,0,"","Default"
"cna","jp_researchers","TABLE","MergeTree",259908,"2025-03-20 00:37:14","",7,"modified","DateTime",0,"","","记录最后修改时间",0,0,0,0,"","Default"
"cna","jp_researchers","TABLE","MergeTree",259908,"2025-03-20 00:37:14","",8,"context","String",0,"","","@context",0,0,0,0,"","Default"
"cna","jp_researchers","TABLE","MergeTree",259908,"2025-03-20 00:37:14","",9,"id","String",0,"","","@id",0,0,0,0,"","Default"
"cna","jp_researchers","TABLE","MergeTree",259908,"2025-03-20 00:37:14","",10,"type","String",0,"","","@type (例如 ""researchers"")",0,0,0,0,"","Default"
"cna","jp_researchers","TABLE","MergeTree",259908,"2025-03-20 00:37:14","",11,"permalink","String",0,"","","永久链接",0,0,0,0,"","Default"
"cna","jp_researchers","TABLE","MergeTree",259908,"2025-03-20 00:37:14","",12,"family_name_ja","String",0,"","","姓（日文）",0,0,0,0,"","Default"
"cna","jp_researchers","TABLE","MergeTree",259908,"2025-03-20 00:37:14","",13,"family_name_ja_kana","String",0,"","","姓（日文假名）",0,0,0,0,"","Default"
"cna","jp_researchers","TABLE","MergeTree",259908,"2025-03-20 00:37:14","",14,"family_name_en","String",0,"","","姓（英文）",0,0,0,0,"","Default"
"cna","jp_researchers","TABLE","MergeTree",259908,"2025-03-20 00:37:14","",15,"given_name_ja","String",0,"","","名（日文）",0,0,0,0,"","Default"
"cna","jp_researchers","TABLE","MergeTree",259908,"2025-03-20 00:37:14","",16,"given_name_ja_kana","String",0,"","","名（日文假名）",0,0,0,0,"","Default"
"cna","jp_researchers","TABLE","MergeTree",259908,"2025-03-20 00:37:14","",17,"given_name_en","String",0,"","","名（英文）",0,0,0,0,"","Default"
"cna","jp_researchers","TABLE","MergeTree",259908,"2025-03-20 00:37:14","",18,"display_name_kana","String",0,"","","公开显示的假名",0,0,0,0,"","Default"
"cna","jp_researchers","TABLE","MergeTree",259908,"2025-03-20 00:37:14","",19,"display_nickname","String",0,"","","公开显示的昵称",0,0,0,0,"","Default"
"cna","jp_researchers","TABLE","MergeTree",259908,"2025-03-20 00:37:14","",20,"display_image","String",0,"","","公开显示的头像",0,0,0,0,"","Default"
"cna","jp_researchers","TABLE","MergeTree",259908,"2025-03-20 00:37:14","",21,"display_contact_pt","String",0,"","","公开显示的联系方式",0,0,0,0,"","Default"
"cna","jp_researchers","TABLE","MergeTree",259908,"2025-03-20 00:37:14","",22,"display_profile","String",0,"","","公开显示的简介",0,0,0,0,"","Default"
"cna","jp_researchers","TABLE","MergeTree",259908,"2025-03-20 00:37:14","",23,"display_url","String",0,"","","公开显示的URL",0,0,0,0,"","Default"
"cna","jp_researchers_affiliations","TABLE","MergeTree",259255,"2025-03-20 00:37:14","",1,"researcher_user_id","String",0,"","","对应 researchers.user_id",0,1,1,0,"","Default"
"cna","jp_researchers_affiliations","TABLE","MergeTree",259255,"2025-03-20 00:37:14","",2,"affiliation_ja","String",0,"","","机构名称（日文）",0,1,1,0,"","Default"
"cna","jp_researchers_affiliations","TABLE","MergeTree",259255,"2025-03-20 00:37:14","",3,"affiliation_en","String",0,"","","机构名称（英文）",0,0,0,0,"","Default"
"cna","jp_researchers_affiliations","TABLE","MergeTree",259255,"2025-03-20 00:37:14","",4,"section_ja","String",0,"","","系别/部门（日文）",0,1,1,0,"","Default"
"cna","jp_researchers_affiliations","TABLE","MergeTree",259255,"2025-03-20 00:37:14","",5,"section_en","String",0,"","","系别/部门（英文）",0,0,0,0,"","Default"
"cna","jp_researchers_affiliations","TABLE","MergeTree",259255,"2025-03-20 00:37:14","",6,"job_ja","String",0,"","","职位（日文）",0,1,1,0,"","Default"
"cna","jp_researchers_affiliations","TABLE","MergeTree",259255,"2025-03-20 00:37:14","",7,"job_en","String",0,"","","职位（英文）",0,0,0,0,"","Default"
"cna","jp_researchers_affiliations","TABLE","MergeTree",259255,"2025-03-20 00:37:14","",8,"display_affiliation","String",0,"","","公开显示的机构信息",0,0,0,0,"","Default"
"cna","jp_researchers_affiliations","TABLE","MergeTree",259255,"2025-03-20 00:37:14","",9,"display_job","String",0,"","","公开显示的职位信息",0,0,0,0,"","Default"
"cna","jp_researchers_affiliations","TABLE","MergeTree",259255,"2025-03-20 00:37:14","",10,"rm_institution_code","String",0,"","","机构编码",0,0,0,0,"","Default"
"cna","jp_researchers_association_memberships","TABLE","MergeTree",926573,"2025-03-20 01:02:09","",1,"researcher_user_id","String",0,"","","对应 researchers.user_id",0,1,1,0,"","Default"
"cna","jp_researchers_association_memberships","TABLE","MergeTree",926573,"2025-03-20 01:02:09","",2,"rm_id","String",0,"","","学会会员记录ID",0,1,1,0,"","Default"
"cna","jp_researchers_association_memberships","TABLE","MergeTree",926573,"2025-03-20 01:02:09","",3,"display","String",0,"","","公开显示状态",0,0,0,0,"","Default"
"cna","jp_researchers_association_memberships","TABLE","MergeTree",926573,"2025-03-20 01:02:09","",4,"major_achievement","UInt8",0,"","","是否为重大成果（0 或 1）",0,0,0,0,"","Sparse"
"cna","jp_researchers_association_memberships","TABLE","MergeTree",926573,"2025-03-20 01:02:09","",5,"creator_id","String",0,"","","记录创建者ID",0,0,0,0,"","Default"
"cna","jp_researchers_association_memberships","TABLE","MergeTree",926573,"2025-03-20 01:02:09","",6,"creator_type","String",0,"","","记录创建者类型",0,0,0,0,"","Default"
"cna","jp_researchers_association_memberships","TABLE","MergeTree",926573,"2025-03-20 01:02:09","",7,"created","DateTime",0,"","","记录创建时间",0,0,0,0,"","Default"
"cna","jp_researchers_association_memberships","TABLE","MergeTree",926573,"2025-03-20 01:02:09","",8,"modifier_id","String",0,"","","记录最后修改者ID",0,0,0,0,"","Default"
"cna","jp_researchers_association_memberships","TABLE","MergeTree",926573,"2025-03-20 01:02:09","",9,"modifier_type","String",0,"","","记录最后修改者类型",0,0,0,0,"","Default"
"cna","jp_researchers_association_memberships","TABLE","MergeTree",926573,"2025-03-20 01:02:09","",10,"modified","DateTime",0,"","","记录最后修改时间",0,0,0,0,"","Default"
"cna","jp_researchers_association_memberships","TABLE","MergeTree",926573,"2025-03-20 01:02:09","",11,"academic_society_name_ja","String",0,"DEFAULT","''","学会名称（日文）",0,1,1,0,"","Default"
"cna","jp_researchers_association_memberships","TABLE","MergeTree",926573,"2025-03-20 01:02:09","",12,"academic_society_name_en","String",0,"DEFAULT","''","学会名称（英文）",0,0,0,0,"","Default"
"cna","jp_researchers_books_etc","TABLE","MergeTree",964402,"2025-03-20 01:02:09","",1,"researcher_user_id","String",0,"","","对应 researchers.user_id",0,1,1,0,"","Default"
"cna","jp_researchers_books_etc","TABLE","MergeTree",964402,"2025-03-20 01:02:09","",2,"rm_id","String",0,"","","著作记录ID",0,1,1,0,"","Default"
"cna","jp_researchers_books_etc","TABLE","MergeTree",964402,"2025-03-20 01:02:09","",3,"display","String",0,"","","公开显示状态",0,0,0,0,"","Default"
"cna","jp_researchers_books_etc","TABLE","MergeTree",964402,"2025-03-20 01:02:09","",4,"major_achievement","UInt8",0,"","","是否为重大成果（0 或 1）",0,0,0,0,"","Sparse"
"cna","jp_researchers_books_etc","TABLE","MergeTree",964402,"2025-03-20 01:02:09","",5,"creator_id","String",0,"","","记录创建者ID",0,0,0,0,"","Default"
"cna","jp_researchers_books_etc","TABLE","MergeTree",964402,"2025-03-20 01:02:09","",6,"creator_type","String",0,"","","记录创建者类型",0,0,0,0,"","Default"
"cna","jp_researchers_books_etc","TABLE","MergeTree",964402,"2025-03-20 01:02:09","",7,"created","DateTime",0,"","","记录创建时间",0,0,0,0,"","Default"
"cna","jp_researchers_books_etc","TABLE","MergeTree",964402,"2025-03-20 01:02:09","",8,"modifier_id","String",0,"","","记录最后修改者ID",0,0,0,0,"","Default"
"cna","jp_researchers_books_etc","TABLE","MergeTree",964402,"2025-03-20 01:02:09","",9,"modifier_type","String",0,"","","记录最后修改者类型",0,0,0,0,"","Default"
"cna","jp_researchers_books_etc","TABLE","MergeTree",964402,"2025-03-20 01:02:09","",10,"modified","DateTime",0,"","","记录最后修改时间",0,0,0,0,"","Default"
"cna","jp_researchers_books_etc","TABLE","MergeTree",964402,"2025-03-20 01:02:09","",11,"book_title_ja","String",0,"DEFAULT","''","书籍标题（日文）",0,1,1,0,"","Default"
"cna","jp_researchers_books_etc","TABLE","MergeTree",964402,"2025-03-20 01:02:09","",12,"book_title_en","String",0,"DEFAULT","''","书籍标题（英文）",0,0,0,0,"","Default"
"cna","jp_researchers_books_etc","TABLE","MergeTree",964402,"2025-03-20 01:02:09","",13,"publisher_ja","String",0,"DEFAULT","''","出版社（日文）",0,1,1,0,"","Default"
"cna","jp_researchers_books_etc","TABLE","MergeTree",964402,"2025-03-20 01:02:09","",14,"publisher_en","String",0,"DEFAULT","''","出版社（英文）",0,0,0,0,"","Default"
"cna","jp_researchers_books_etc","TABLE","MergeTree",964402,"2025-03-20 01:02:09","",15,"publication_date","String",0,"","","出版日期",0,1,1,0,"","Default"
"cna","jp_researchers_degrees","TABLE","MergeTree",256710,"2025-08-13 22:04:19","",1,"researcher_user_id","String",0,"","","对应 researchers.user_id",0,1,1,0,"","Default"
"cna","jp_researchers_degrees","TABLE","MergeTree",256710,"2025-08-13 22:04:19","",2,"degree_ja","String",0,"","","学位（日文）",0,1,1,0,"","Default"
"cna","jp_researchers_degrees","TABLE","MergeTree",256710,"2025-08-13 22:04:19","",3,"degree_en","String",0,"","","学位（英文）",0,0,0,0,"","Default"
"cna","jp_researchers_degrees","TABLE","MergeTree",256710,"2025-08-13 22:04:19","",4,"degree_institution_ja","String",0,"","","授予学位的院校（日文）",0,1,1,0,"","Default"
"cna","jp_researchers_degrees","TABLE","MergeTree",256710,"2025-08-13 22:04:19","",5,"degree_institution_en","String",0,"","","授予学位的院校（英文）",0,0,0,0,"","Default"
"cna","jp_researchers_degrees","TABLE","MergeTree",256710,"2025-08-13 22:04:19","",6,"degree_date","String",0,"","","获取学会的时间",0,0,0,0,"","Default"
"cna","jp_researchers_degrees","TABLE","MergeTree",256710,"2025-08-13 22:04:19","",7,"display_degree","String",0,"","","公开显示的学位信息",0,0,0,0,"","Default"
"cna","jp_researchers_degrees","TABLE","MergeTree",256710,"2025-08-13 22:04:19","",8,"rm_institution_code","String",0,"","","机构编码",0,0,0,0,"","Default"
"cna","jp_researchers_education","TABLE","MergeTree",508799,"2025-08-14 00:49:29","",1,"researcher_user_id","String",0,"","","对应 researchers.user_id",0,1,1,0,"","Default"
"cna","jp_researchers_education","TABLE","MergeTree",508799,"2025-08-14 00:49:29","",2,"rm_id","String",0,"","","教育记录ID",0,1,1,0,"","Default"
"cna","jp_researchers_education","TABLE","MergeTree",508799,"2025-08-14 00:49:29","",3,"display","String",0,"","","公开显示状态",0,0,0,0,"","Default"
"cna","jp_researchers_education","TABLE","MergeTree",508799,"2025-08-14 00:49:29","",4,"major_achievement","UInt8",0,"","","是否为重大成果（0 或 1）",0,0,0,0,"","Sparse"
"cna","jp_researchers_education","TABLE","MergeTree",508799,"2025-08-14 00:49:29","",5,"creator_id","String",0,"","","记录创建者ID",0,0,0,0,"","Default"
"cna","jp_researchers_education","TABLE","MergeTree",508799,"2025-08-14 00:49:29","",6,"creator_type","String",0,"","","记录创建者类型",0,0,0,0,"","Default"
"cna","jp_researchers_education","TABLE","MergeTree",508799,"2025-08-14 00:49:29","",7,"created","DateTime",0,"","","记录创建时间",0,0,0,0,"","Default"
"cna","jp_researchers_education","TABLE","MergeTree",508799,"2025-08-14 00:49:29","",8,"modifier_id","String",0,"","","记录最后修改者ID",0,0,0,0,"","Default"
"cna","jp_researchers_education","TABLE","MergeTree",508799,"2025-08-14 00:49:29","",9,"modifier_type","String",0,"","","记录最后修改者类型",0,0,0,0,"","Default"
"cna","jp_researchers_education","TABLE","MergeTree",508799,"2025-08-14 00:49:29","",10,"modified","DateTime",0,"","","记录最后修改时间",0,0,0,0,"","Default"
"cna","jp_researchers_education","TABLE","MergeTree",508799,"2025-08-14 00:49:29","",11,"from_date","String",0,"","","开始日期（年份或日期字符串）",0,0,0,0,"","Default"
"cna","jp_researchers_education","TABLE","MergeTree",508799,"2025-08-14 00:49:29","",12,"to_date","String",0,"","","结束日期（毕业年份或日期字符串）",0,0,0,0,"","Default"
"cna","jp_researchers_education","TABLE","MergeTree",508799,"2025-08-14 00:49:29","",13,"rm_institution_code","String",0,"","","院校编码",0,0,0,0,"","Default"
"cna","jp_researchers_education","TABLE","MergeTree",508799,"2025-08-14 00:49:29","",14,"affiliation_ja","String",0,"","","院校名称（日文）",0,0,0,0,"","Default"
"cna","jp_researchers_education","TABLE","MergeTree",508799,"2025-08-14 00:49:29","",15,"affiliation_en","String",0,"DEFAULT","''","院校名称（英文）",0,0,0,0,"","Default"
"cna","jp_researchers_education","TABLE","MergeTree",508799,"2025-08-14 00:49:29","",16,"department_ja","String",0,"DEFAULT","''","院系/部门（日文）",0,0,0,0,"","Default"
"cna","jp_researchers_education","TABLE","MergeTree",508799,"2025-08-14 00:49:29","",17,"department_en","String",0,"DEFAULT","''","院系/部门（英文）",0,0,0,0,"","Default"
"cna","jp_researchers_education","TABLE","MergeTree",508799,"2025-08-14 00:49:29","",18,"course_ja","String",0,"DEFAULT","''","专业/课程（日文）",0,0,0,0,"","Default"
"cna","jp_researchers_education","TABLE","MergeTree",508799,"2025-08-14 00:49:29","",19,"course_en","String",0,"DEFAULT","''","专业/课程（英文）",0,0,0,0,"","Default"
"cna","jp_researchers_education","TABLE","MergeTree",508799,"2025-08-14 00:49:29","",20,"address_country","String",0,"DEFAULT","''","所在国家代码",0,0,0,0,"","Default"
"cna","jp_researchers_extra","TABLE","ReplacingMergeTree",261289,"2025-06-08 14:31:21","",1,"user_id","String",0,"","","rm:user_id",0,1,1,0,"","Default"
"cna","jp_researchers_extra","TABLE","ReplacingMergeTree",261289,"2025-06-08 14:31:21","",2,"gender","Nullable(String)",1,"","","性别 F 女性 M男性",0,0,0,0,"",\N
"cna","jp_researchers_industrial_property_rights","TABLE","MergeTree",165443,"2025-03-20 01:02:09","",1,"researcher_user_id","String",0,"","","对应 researchers.user_id",0,1,1,0,"","Default"
"cna","jp_researchers_industrial_property_rights","TABLE","MergeTree",165443,"2025-03-20 01:02:09","",2,"rm_id","String",0,"","","知识产权记录ID",0,1,1,0,"","Default"
"cna","jp_researchers_industrial_property_rights","TABLE","MergeTree",165443,"2025-03-20 01:02:09","",3,"display","String",0,"","","公开显示状态",0,0,0,0,"","Default"
"cna","jp_researchers_industrial_property_rights","TABLE","MergeTree",165443,"2025-03-20 01:02:09","",4,"major_achievement","UInt8",0,"","","是否为重大成果（0 或 1）",0,0,0,0,"","Sparse"
"cna","jp_researchers_industrial_property_rights","TABLE","MergeTree",165443,"2025-03-20 01:02:09","",5,"creator_id","String",0,"","","记录创建者ID",0,0,0,0,"","Default"
"cna","jp_researchers_industrial_property_rights","TABLE","MergeTree",165443,"2025-03-20 01:02:09","",6,"creator_type","String",0,"","","记录创建者类型",0,0,0,0,"","Default"
"cna","jp_researchers_industrial_property_rights","TABLE","MergeTree",165443,"2025-03-20 01:02:09","",7,"created","DateTime",0,"","","记录创建时间",0,0,0,0,"","Default"
"cna","jp_researchers_industrial_property_rights","TABLE","MergeTree",165443,"2025-03-20 01:02:09","",8,"modifier_id","String",0,"","","记录最后修改者ID",0,0,0,0,"","Default"
"cna","jp_researchers_industrial_property_rights","TABLE","MergeTree",165443,"2025-03-20 01:02:09","",9,"modifier_type","String",0,"","","记录最后修改者类型",0,0,0,0,"","Default"
"cna","jp_researchers_industrial_property_rights","TABLE","MergeTree",165443,"2025-03-20 01:02:09","",10,"modified","DateTime",0,"","","记录最后修改时间",0,0,0,0,"","Default"
"cna","jp_researchers_industrial_property_rights","TABLE","MergeTree",165443,"2025-03-20 01:02:09","",11,"property_right_type","String",0,"","","知识产权类型（例如 ""patent_right""）",0,0,0,0,"","Default"
"cna","jp_researchers_industrial_property_rights","TABLE","MergeTree",165443,"2025-03-20 01:02:09","",12,"property_right_title_ja","String",0,"DEFAULT","''","知识产权标题（日文）",0,1,1,0,"","Default"
"cna","jp_researchers_industrial_property_rights","TABLE","MergeTree",165443,"2025-03-20 01:02:09","",13,"property_right_title_en","String",0,"DEFAULT","''","知识产权标题（英文）",0,0,0,0,"","Default"
"cna","jp_researchers_industrial_property_rights","TABLE","MergeTree",165443,"2025-03-20 01:02:09","",14,"description_ja","String",0,"DEFAULT","''","描述（日文）",0,0,0,0,"","Default"
"cna","jp_researchers_industrial_property_rights","TABLE","MergeTree",165443,"2025-03-20 01:02:09","",15,"description_en","String",0,"DEFAULT","''","描述（英文）",0,0,0,0,"","Sparse"
"cna","jp_researchers_institute_property","TABLE","MergeTree",23218,"2026-07-18 18:39:53","",1,"id","UInt64",0,"","","",0,1,1,0,"","Default"
"cna","jp_researchers_institute_property","TABLE","MergeTree",23218,"2026-07-18 18:39:53","",2,"original_institute","String",0,"","","",0,0,0,0,"","Default"
"cna","jp_researchers_institute_property","TABLE","MergeTree",23218,"2026-07-18 18:39:53","",3,"college","String",0,"","","",0,0,0,0,"","Default"
"cna","jp_researchers_institute_property","TABLE","MergeTree",23218,"2026-07-18 18:39:53","",4,"college_country","String",0,"","","",0,0,0,0,"","Default"
"cna","jp_researchers_institute_property","TABLE","MergeTree",23218,"2026-07-18 18:39:53","",5,"admin1","String",0,"","","",0,0,0,0,"","Default"
"cna","jp_researchers_institute_property","TABLE","MergeTree",23218,"2026-07-18 18:39:53","",6,"operation_type","String",0,"","","",0,0,0,0,"","Default"
"cna","jp_researchers_institute_property","TABLE","MergeTree",23218,"2026-07-18 18:39:53","",7,"college_type","String",0,"","","",0,0,0,0,"","Sparse"
"cna","jp_researchers_institute_property","TABLE","MergeTree",23218,"2026-07-18 18:39:53","",8,"admin2","Nullable(String)",1,"","","",0,0,0,0,"",\N
"cna","jp_researchers_misc_dedup","TABLE","MergeTree",2747209,"2026-03-18 22:48:39","",1,"graph_type","String",0,"","","",0,0,0,0,"","Default"
"cna","jp_researchers_misc_dedup","TABLE","MergeTree",2747209,"2026-03-18 22:48:39","",2,"api_id","String",0,"","","",0,0,0,0,"","Default"
"cna","jp_researchers_misc_dedup","TABLE","MergeTree",2747209,"2026-03-18 22:48:39","",3,"reverse_url","String",0,"","","",0,0,0,0,"","Default"
"cna","jp_researchers_misc_dedup","TABLE","MergeTree",2747209,"2026-03-18 22:48:39","",4,"rm_id","String",0,"","","",0,1,1,0,"","Default"
"cna","jp_researchers_misc_dedup","TABLE","MergeTree",2747209,"2026-03-18 22:48:39","",5,"researcher_user_id","String",0,"","","",0,1,1,0,"","Default"
"cna","jp_researchers_misc_dedup","TABLE","MergeTree",2747209,"2026-03-18 22:48:39","",6,"display","String",0,"","","",0,0,0,0,"","Default"
"cna","jp_researchers_misc_dedup","TABLE","MergeTree",2747209,"2026-03-18 22:48:39","",7,"major_achievement","UInt8",0,"","","",0,0,0,0,"","Sparse"
"cna","jp_researchers_misc_dedup","TABLE","MergeTree",2747209,"2026-03-18 22:48:39","",8,"creator_id","String",0,"","","",0,0,0,0,"","Default"
"cna","jp_researchers_misc_dedup","TABLE","MergeTree",2747209,"2026-03-18 22:48:39","",9,"creator_type","String",0,"","","",0,0,0,0,"","Default"
"cna","jp_researchers_misc_dedup","TABLE","MergeTree",2747209,"2026-03-18 22:48:39","",10,"created","String",0,"","","",0,0,0,0,"","Default"
"cna","jp_researchers_misc_dedup","TABLE","MergeTree",2747209,"2026-03-18 22:48:39","",11,"modifier_id","String",0,"","","",0,0,0,0,"","Default"
"cna","jp_researchers_misc_dedup","TABLE","MergeTree",2747209,"2026-03-18 22:48:39","",12,"modifier_type","String",0,"","","",0,0,0,0,"","Default"
"cna","jp_researchers_misc_dedup","TABLE","MergeTree",2747209,"2026-03-18 22:48:39","",13,"modified","String",0,"","","",0,0,0,0,"","Default"
"cna","jp_researchers_misc_dedup","TABLE","MergeTree",2747209,"2026-03-18 22:48:39","",14,"paper_title_ja","String",0,"","","",0,0,0,0,"","Default"
"cna","jp_researchers_misc_dedup","TABLE","MergeTree",2747209,"2026-03-18 22:48:39","",15,"paper_title_en","String",0,"","","",0,0,0,0,"","Default"
"cna","jp_researchers_misc_dedup","TABLE","MergeTree",2747209,"2026-03-18 22:48:39","",16,"authors_json","String",0,"","","",0,0,0,0,"","Default"
"cna","jp_researchers_misc_dedup","TABLE","MergeTree",2747209,"2026-03-18 22:48:39","",17,"description_ja","String",0,"","","",0,0,0,0,"","Default"
"cna","jp_researchers_misc_dedup","TABLE","MergeTree",2747209,"2026-03-18 22:48:39","",18,"description_en","String",0,"","","",0,0,0,0,"","Default"
"cna","jp_researchers_misc_dedup","TABLE","MergeTree",2747209,"2026-03-18 22:48:39","",19,"publisher_ja","String",0,"","","",0,0,0,0,"","Default"
"cna","jp_researchers_misc_dedup","TABLE","MergeTree",2747209,"2026-03-18 22:48:39","",20,"publisher_en","String",0,"","","",0,0,0,0,"","Default"
"cna","jp_researchers_misc_dedup","TABLE","MergeTree",2747209,"2026-03-18 22:48:39","",21,"publication_date","String",0,"","","",0,0,0,0,"","Default"
"cna","jp_researchers_misc_dedup","TABLE","MergeTree",2747209,"2026-03-18 22:48:39","",22,"publication_name_ja","String",0,"","","",0,0,0,0,"","Default"
"cna","jp_researchers_misc_dedup","TABLE","MergeTree",2747209,"2026-03-18 22:48:39","",23,"publication_name_en","String",0,"","","",0,0,0,0,"","Default"
"cna","jp_researchers_misc_dedup","TABLE","MergeTree",2747209,"2026-03-18 22:48:39","",24,"volume","String",0,"","","",0,0,0,0,"","Default"
"cna","jp_researchers_misc_dedup","TABLE","MergeTree",2747209,"2026-03-18 22:48:39","",25,"number","String",0,"","","",0,0,0,0,"","Default"
"cna","jp_researchers_misc_dedup","TABLE","MergeTree",2747209,"2026-03-18 22:48:39","",26,"starting_page","String",0,"","","",0,0,0,0,"","Default"
"cna","jp_researchers_misc_dedup","TABLE","MergeTree",2747209,"2026-03-18 22:48:39","",27,"ending_page","String",0,"","","",0,0,0,0,"","Default"
"cna","jp_researchers_misc_dedup","TABLE","MergeTree",2747209,"2026-03-18 22:48:39","",28,"languages_json","String",0,"","","",0,0,0,0,"","Default"
"cna","jp_researchers_misc_dedup","TABLE","MergeTree",2747209,"2026-03-18 22:48:39","",29,"referee","UInt8",0,"","","",0,0,0,0,"","Sparse"
"cna","jp_researchers_misc_dedup","TABLE","MergeTree",2747209,"2026-03-18 22:48:39","",30,"invited","UInt8",0,"","","",0,0,0,0,"","Sparse"
"cna","jp_researchers_misc_dedup","TABLE","MergeTree",2747209,"2026-03-18 22:48:39","",31,"is_open_access","UInt8",0,"","","",0,0,0,0,"","Sparse"
"cna","jp_researchers_misc_dedup","TABLE","MergeTree",2747209,"2026-03-18 22:48:39","",32,"identifiers_json","String",0,"","","",0,0,0,0,"","Default"
"cna","jp_researchers_misc_dedup","TABLE","MergeTree",2747209,"2026-03-18 22:48:39","",33,"see_also_json","String",0,"","","",0,0,0,0,"","Default"
"cna","jp_researchers_misc_dedup","TABLE","MergeTree",2747209,"2026-03-18 22:48:39","",34,"published_paper_owner_roles_json","String",0,"","","",0,0,0,0,"","Default"
"cna","jp_researchers_misc_dedup","TABLE","MergeTree",2747209,"2026-03-18 22:48:39","",35,"is_international_journal","UInt8",0,"","","",0,0,0,0,"","Sparse"
"cna","jp_researchers_misc_dedup","TABLE","MergeTree",2747209,"2026-03-18 22:48:39","",36,"is_international_collaboration","UInt8",0,"","","",0,0,0,0,"","Sparse"
"cna","jp_researchers_misc_dedup","TABLE","MergeTree",2747209,"2026-03-18 22:48:39","",37,"dataset_json","String",0,"","","",0,0,0,0,"","Default"
"cna","jp_researchers_misc_dedup","TABLE","MergeTree",2747209,"2026-03-18 22:48:39","",38,"misc_type","String",0,"","","",0,0,0,0,"","Default"
"cna","jp_researchers_misc_dedup","TABLE","MergeTree",2747209,"2026-03-18 22:48:39","",39,"raw_json","String",0,"","","",0,0,0,0,"","Default"
"cna","jp_researchers_published_papers_dedup","TABLE","MergeTree",2449228,"2026-03-18 22:48:39","",1,"graph_type","String",0,"","","",0,0,0,0,"","Default"
"cna","jp_researchers_published_papers_dedup","TABLE","MergeTree",2449228,"2026-03-18 22:48:39","",2,"api_id","String",0,"","","",0,0,0,0,"","Default"
"cna","jp_researchers_published_papers_dedup","TABLE","MergeTree",2449228,"2026-03-18 22:48:39","",3,"reverse_url","String",0,"","","",0,0,0,0,"","Default"
"cna","jp_researchers_published_papers_dedup","TABLE","MergeTree",2449228,"2026-03-18 22:48:39","",4,"rm_id","String",0,"","","",0,1,1,0,"","Default"
"cna","jp_researchers_published_papers_dedup","TABLE","MergeTree",2449228,"2026-03-18 22:48:39","",5,"researcher_user_id","String",0,"","","",0,1,1,0,"","Default"
"cna","jp_researchers_published_papers_dedup","TABLE","MergeTree",2449228,"2026-03-18 22:48:39","",6,"display","String",0,"","","",0,0,0,0,"","Default"
"cna","jp_researchers_published_papers_dedup","TABLE","MergeTree",2449228,"2026-03-18 22:48:39","",7,"major_achievement","UInt8",0,"","","",0,0,0,0,"","Default"
"cna","jp_researchers_published_papers_dedup","TABLE","MergeTree",2449228,"2026-03-18 22:48:39","",8,"creator_id","String",0,"","","",0,0,0,0,"","Default"
"cna","jp_researchers_published_papers_dedup","TABLE","MergeTree",2449228,"2026-03-18 22:48:39","",9,"creator_type","String",0,"","","",0,0,0,0,"","Default"
"cna","jp_researchers_published_papers_dedup","TABLE","MergeTree",2449228,"2026-03-18 22:48:39","",10,"created","String",0,"","","",0,0,0,0,"","Default"
"cna","jp_researchers_published_papers_dedup","TABLE","MergeTree",2449228,"2026-03-18 22:48:39","",11,"modifier_id","String",0,"","","",0,0,0,0,"","Default"
"cna","jp_researchers_published_papers_dedup","TABLE","MergeTree",2449228,"2026-03-18 22:48:39","",12,"modifier_type","String",0,"","","",0,0,0,0,"","Default"
"cna","jp_researchers_published_papers_dedup","TABLE","MergeTree",2449228,"2026-03-18 22:48:39","",13,"modified","String",0,"","","",0,0,0,0,"","Default"
"cna","jp_researchers_published_papers_dedup","TABLE","MergeTree",2449228,"2026-03-18 22:48:39","",14,"paper_title_ja","String",0,"","","",0,0,0,0,"","Default"
"cna","jp_researchers_published_papers_dedup","TABLE","MergeTree",2449228,"2026-03-18 22:48:39","",15,"paper_title_en","String",0,"","","",0,0,0,0,"","Default"
"cna","jp_researchers_published_papers_dedup","TABLE","MergeTree",2449228,"2026-03-18 22:48:39","",16,"authors_json","String",0,"","","",0,0,0,0,"","Default"
"cna","jp_researchers_published_papers_dedup","TABLE","MergeTree",2449228,"2026-03-18 22:48:39","",17,"description_ja","String",0,"","","",0,0,0,0,"","Default"
"cna","jp_researchers_published_papers_dedup","TABLE","MergeTree",2449228,"2026-03-18 22:48:39","",18,"description_en","String",0,"","","",0,0,0,0,"","Default"
"cna","jp_researchers_published_papers_dedup","TABLE","MergeTree",2449228,"2026-03-18 22:48:39","",19,"publisher_ja","String",0,"","","",0,0,0,0,"","Default"
"cna","jp_researchers_published_papers_dedup","TABLE","MergeTree",2449228,"2026-03-18 22:48:39","",20,"publisher_en","String",0,"","","",0,0,0,0,"","Default"
"cna","jp_researchers_published_papers_dedup","TABLE","MergeTree",2449228,"2026-03-18 22:48:39","",21,"publication_date","String",0,"","","",0,0,0,0,"","Default"
"cna","jp_researchers_published_papers_dedup","TABLE","MergeTree",2449228,"2026-03-18 22:48:39","",22,"publication_name_ja","String",0,"","","",0,0,0,0,"","Default"
"cna","jp_researchers_published_papers_dedup","TABLE","MergeTree",2449228,"2026-03-18 22:48:39","",23,"publication_name_en","String",0,"","","",0,0,0,0,"","Default"
"cna","jp_researchers_published_papers_dedup","TABLE","MergeTree",2449228,"2026-03-18 22:48:39","",24,"volume","String",0,"","","",0,0,0,0,"","Default"
"cna","jp_researchers_published_papers_dedup","TABLE","MergeTree",2449228,"2026-03-18 22:48:39","",25,"number","String",0,"","","",0,0,0,0,"","Default"
"cna","jp_researchers_published_papers_dedup","TABLE","MergeTree",2449228,"2026-03-18 22:48:39","",26,"starting_page","String",0,"","","",0,0,0,0,"","Default"
"cna","jp_researchers_published_papers_dedup","TABLE","MergeTree",2449228,"2026-03-18 22:48:39","",27,"ending_page","String",0,"","","",0,0,0,0,"","Default"
"cna","jp_researchers_published_papers_dedup","TABLE","MergeTree",2449228,"2026-03-18 22:48:39","",28,"languages_json","String",0,"","","",0,0,0,0,"","Default"
"cna","jp_researchers_published_papers_dedup","TABLE","MergeTree",2449228,"2026-03-18 22:48:39","",29,"referee","UInt8",0,"","","",0,0,0,0,"","Default"
"cna","jp_researchers_published_papers_dedup","TABLE","MergeTree",2449228,"2026-03-18 22:48:39","",30,"invited","UInt8",0,"","","",0,0,0,0,"","Sparse"
"cna","jp_researchers_published_papers_dedup","TABLE","MergeTree",2449228,"2026-03-18 22:48:39","",31,"is_open_access","UInt8",0,"","","",0,0,0,0,"","Sparse"
"cna","jp_researchers_published_papers_dedup","TABLE","MergeTree",2449228,"2026-03-18 22:48:39","",32,"identifiers_json","String",0,"","","",0,0,0,0,"","Default"
"cna","jp_researchers_published_papers_dedup","TABLE","MergeTree",2449228,"2026-03-18 22:48:39","",33,"see_also_json","String",0,"","","",0,0,0,0,"","Default"
"cna","jp_researchers_published_papers_dedup","TABLE","MergeTree",2449228,"2026-03-18 22:48:39","",34,"published_paper_owner_roles_json","String",0,"","","",0,0,0,0,"","Default"
"cna","jp_researchers_published_papers_dedup","TABLE","MergeTree",2449228,"2026-03-18 22:48:39","",35,"is_international_journal","UInt8",0,"","","",0,0,0,0,"","Default"
"cna","jp_researchers_published_papers_dedup","TABLE","MergeTree",2449228,"2026-03-18 22:48:39","",36,"is_international_collaboration","UInt8",0,"","","",0,0,0,0,"","Sparse"
"cna","jp_researchers_published_papers_dedup","TABLE","MergeTree",2449228,"2026-03-18 22:48:39","",37,"dataset_json","String",0,"","","",0,0,0,0,"","Default"
"cna","jp_researchers_published_papers_dedup","TABLE","MergeTree",2449228,"2026-03-18 22:48:39","",38,"published_paper_type","String",0,"","","",0,0,0,0,"","Default"
"cna","jp_researchers_published_papers_dedup","TABLE","MergeTree",2449228,"2026-03-18 22:48:39","",39,"raw_json","String",0,"","","",0,0,0,0,"","Default"
"cna","jp_researchers_research_areas","TABLE","MergeTree",489504,"2025-03-20 00:37:14","",1,"researcher_user_id","String",0,"","","对应 researchers.user_id",0,1,1,0,"","Default"
"cna","jp_researchers_research_areas","TABLE","MergeTree",489504,"2025-03-20 00:37:14","",2,"rm_id","String",0,"","","科研领域记录ID",0,1,1,0,"","Default"
"cna","jp_researchers_research_areas","TABLE","MergeTree",489504,"2025-03-20 00:37:14","",3,"display","String",0,"","","公开显示状态",0,0,0,0,"","Default"
"cna","jp_researchers_research_areas","TABLE","MergeTree",489504,"2025-03-20 00:37:14","",4,"major_achievement","UInt8",0,"","","是否为重大成果（0 或 1）",0,0,0,0,"","Sparse"
"cna","jp_researchers_research_areas","TABLE","MergeTree",489504,"2025-03-20 00:37:14","",5,"creator_id","String",0,"","","记录创建者ID",0,0,0,0,"","Default"
"cna","jp_researchers_research_areas","TABLE","MergeTree",489504,"2025-03-20 00:37:14","",6,"creator_type","String",0,"","","记录创建者类型",0,0,0,0,"","Default"
"cna","jp_researchers_research_areas","TABLE","MergeTree",489504,"2025-03-20 00:37:14","",7,"created","DateTime",0,"","","记录创建时间",0,0,0,0,"","Default"
"cna","jp_researchers_research_areas","TABLE","MergeTree",489504,"2025-03-20 00:37:14","",8,"modifier_id","String",0,"","","记录最后修改者ID",0,0,0,0,"","Default"
"cna","jp_researchers_research_areas","TABLE","MergeTree",489504,"2025-03-20 00:37:14","",9,"modifier_type","String",0,"","","记录最后修改者类型",0,0,0,0,"","Default"
"cna","jp_researchers_research_areas","TABLE","MergeTree",489504,"2025-03-20 00:37:14","",10,"modified","DateTime",0,"","","记录最后修改时间",0,0,0,0,"","Default"
"cna","jp_researchers_research_areas","TABLE","MergeTree",489504,"2025-03-20 00:37:14","",11,"discipline_number","String",0,"","","学科编号",0,1,1,0,"","Default"
"cna","jp_researchers_research_areas","TABLE","MergeTree",489504,"2025-03-20 00:37:14","",12,"item_number","String",0,"","","项目编号",0,1,1,0,"","Default"
"cna","jp_researchers_research_areas","TABLE","MergeTree",489504,"2025-03-20 00:37:14","",13,"discipline_ja","String",0,"","","学科（日文）",0,1,1,0,"","Default"
"cna","jp_researchers_research_areas","TABLE","MergeTree",489504,"2025-03-20 00:37:14","",14,"discipline_en","String",0,"","","学科（英文）",0,0,0,0,"","Default"
"cna","jp_researchers_research_areas","TABLE","MergeTree",489504,"2025-03-20 00:37:14","",15,"research_field_ja","String",0,"","","研究领域（日文）",0,1,1,0,"","Default"
"cna","jp_researchers_research_areas","TABLE","MergeTree",489504,"2025-03-20 00:37:14","",16,"research_field_en","String",0,"","","研究领域（英文）",0,0,0,0,"","Default"
"cna","jp_researchers_research_experience","TABLE","MergeTree",905306,"2025-05-12 22:04:24","",1,"researcher_user_id","String",0,"","","对应 researchers.user_id",0,1,1,0,"","Default"
"cna","jp_researchers_research_experience","TABLE","MergeTree",905306,"2025-05-12 22:04:24","",2,"rm_id","String",0,"","","科研经历记录 ID，对应 rm:id",0,1,1,0,"","Default"
"cna","jp_researchers_research_experience","TABLE","MergeTree",905306,"2025-05-12 22:04:24","",3,"display","String",0,"","","公开显示状态",0,0,0,0,"","Default"
"cna","jp_researchers_research_experience","TABLE","MergeTree",905306,"2025-05-12 22:04:24","",4,"major_achievement","UInt8",0,"","","是否为重大成果（0 或 1）",0,0,0,0,"","Sparse"
"cna","jp_researchers_research_experience","TABLE","MergeTree",905306,"2025-05-12 22:04:24","",5,"creator_id","String",0,"","","记录创建者 ID",0,0,0,0,"","Default"
"cna","jp_researchers_research_experience","TABLE","MergeTree",905306,"2025-05-12 22:04:24","",6,"creator_type","String",0,"","","记录创建者类型",0,0,0,0,"","Default"
"cna","jp_researchers_research_experience","TABLE","MergeTree",905306,"2025-05-12 22:04:24","",7,"created","DateTime",0,"","","记录创建时间，对应 rm:created",0,0,0,0,"","Default"
"cna","jp_researchers_research_experience","TABLE","MergeTree",905306,"2025-05-12 22:04:24","",8,"modifier_id","String",0,"","","记录最后修改者 ID",0,0,0,0,"","Default"
"cna","jp_researchers_research_experience","TABLE","MergeTree",905306,"2025-05-12 22:04:24","",9,"modifier_type","String",0,"","","记录最后修改者类型",0,0,0,0,"","Default"
"cna","jp_researchers_research_experience","TABLE","MergeTree",905306,"2025-05-12 22:04:24","",10,"modified","DateTime",0,"","","记录最后修改时间，对应 rm:modified",0,0,0,0,"","Default"
"cna","jp_researchers_research_experience","TABLE","MergeTree",905306,"2025-05-12 22:04:24","",11,"from_date","String",0,"","","开始日期（年份或 YYYY-MM 格式）",0,1,1,0,"","Default"
"cna","jp_researchers_research_experience","TABLE","MergeTree",905306,"2025-05-12 22:04:24","",12,"to_date","String",0,"DEFAULT","''","结束日期，若无则为空",0,0,0,0,"","Default"
"cna","jp_researchers_research_experience","TABLE","MergeTree",905306,"2025-05-12 22:04:24","",13,"rm_institution_code","String",0,"","","机构编码（rm:institution_code）",0,0,0,0,"","Default"
"cna","jp_researchers_research_experience","TABLE","MergeTree",905306,"2025-05-12 22:04:24","",14,"affiliation_ja","String",0,"","","机构名称（日文），对应 affiliation.ja",0,0,0,0,"","Default"
"cna","jp_researchers_research_experience","TABLE","MergeTree",905306,"2025-05-12 22:04:24","",15,"affiliation_en","String",0,"DEFAULT","''","机构名称（英文），对应 affiliation.en",0,0,0,0,"","Default"
"cna","jp_researchers_research_experience","TABLE","MergeTree",905306,"2025-05-12 22:04:24","",16,"section_ja","String",0,"","","隶属部门/科系（日文），对应 section.ja",0,0,0,0,"","Default"
"cna","jp_researchers_research_experience","TABLE","MergeTree",905306,"2025-05-12 22:04:24","",17,"section_en","String",0,"DEFAULT","''","隶属部门/科系（英文），对应 section.en",0,0,0,0,"","Default"
"cna","jp_researchers_research_experience","TABLE","MergeTree",905306,"2025-05-12 22:04:24","",18,"job_ja","String",0,"","","职务（日文），对应 job.ja",0,0,0,0,"","Default"
"cna","jp_researchers_research_experience","TABLE","MergeTree",905306,"2025-05-12 22:04:24","",19,"job_en","String",0,"DEFAULT","''","职务（英文），对应 job.en",0,0,0,0,"","Default"
"cna","jp_researchers_research_experience","TABLE","MergeTree",905306,"2025-05-12 22:04:24","",20,"address_country","String",0,"","","所属国家代码，对应 address_country",0,0,0,0,"","Default"
"cna","jp_researchers_research_interests","TABLE","MergeTree",1079404,"2025-03-20 00:37:14","",1,"researcher_user_id","String",0,"","","对应 researchers.user_id",0,1,1,0,"","Default"
"cna","jp_researchers_research_interests","TABLE","MergeTree",1079404,"2025-03-20 00:37:14","",2,"rm_id","String",0,"","","科研兴趣的ID",0,1,1,0,"","Default"
"cna","jp_researchers_research_interests","TABLE","MergeTree",1079404,"2025-03-20 00:37:14","",3,"display","String",0,"","","公开显示状态",0,0,0,0,"","Default"
"cna","jp_researchers_research_interests","TABLE","MergeTree",1079404,"2025-03-20 00:37:14","",4,"major_achievement","UInt8",0,"","","是否为重大成果标识（0 或 1）",0,0,0,0,"","Sparse"
"cna","jp_researchers_research_interests","TABLE","MergeTree",1079404,"2025-03-20 00:37:14","",5,"creator_id","String",0,"","","记录创建者ID",0,0,0,0,"","Default"
"cna","jp_researchers_research_interests","TABLE","MergeTree",1079404,"2025-03-20 00:37:14","",6,"creator_type","String",0,"","","记录创建者类型",0,0,0,0,"","Default"
"cna","jp_researchers_research_interests","TABLE","MergeTree",1079404,"2025-03-20 00:37:14","",7,"created","DateTime",0,"","","记录创建时间",0,0,0,0,"","Default"
"cna","jp_researchers_research_interests","TABLE","MergeTree",1079404,"2025-03-20 00:37:14","",8,"modifier_id","String",0,"","","记录最后修改者ID",0,0,0,0,"","Default"
"cna","jp_researchers_research_interests","TABLE","MergeTree",1079404,"2025-03-20 00:37:14","",9,"modifier_type","String",0,"","","记录最后修改者类型",0,0,0,0,"","Default"
"cna","jp_researchers_research_interests","TABLE","MergeTree",1079404,"2025-03-20 00:37:14","",10,"modified","DateTime",0,"","","记录最后修改时间",0,0,0,0,"","Default"
"cna","jp_researchers_research_interests","TABLE","MergeTree",1079404,"2025-03-20 00:37:14","",11,"keyword_ja","String",0,"","","关键词（日文）",0,1,1,0,"","Default"
"cna","jp_researchers_research_interests","TABLE","MergeTree",1079404,"2025-03-20 00:37:14","",12,"keyword_en","String",0,"DEFAULT","''","关键词（英文），如无则为空",0,0,0,0,"","Default"
"cna","jp_researchers_research_projects_dedup","TABLE","MergeTree",1337227,"2026-03-18 22:48:39","",1,"graph_type","String",0,"","","",0,0,0,0,"","Default"
"cna","jp_researchers_research_projects_dedup","TABLE","MergeTree",1337227,"2026-03-18 22:48:39","",2,"api_id","String",0,"","","",0,0,0,0,"","Default"
"cna","jp_researchers_research_projects_dedup","TABLE","MergeTree",1337227,"2026-03-18 22:48:39","",3,"reverse_url","String",0,"","","",0,0,0,0,"","Default"
"cna","jp_researchers_research_projects_dedup","TABLE","MergeTree",1337227,"2026-03-18 22:48:39","",4,"rm_id","String",0,"","","",0,1,1,0,"","Default"
"cna","jp_researchers_research_projects_dedup","TABLE","MergeTree",1337227,"2026-03-18 22:48:39","",5,"researcher_user_id","String",0,"","","",0,1,1,0,"","Default"
"cna","jp_researchers_research_projects_dedup","TABLE","MergeTree",1337227,"2026-03-18 22:48:39","",6,"display","String",0,"","","",0,0,0,0,"","Default"
"cna","jp_researchers_research_projects_dedup","TABLE","MergeTree",1337227,"2026-03-18 22:48:39","",7,"major_achievement","UInt8",0,"","","",0,0,0,0,"","Sparse"
"cna","jp_researchers_research_projects_dedup","TABLE","MergeTree",1337227,"2026-03-18 22:48:39","",8,"creator_id","String",0,"","","",0,0,0,0,"","Default"
"cna","jp_researchers_research_projects_dedup","TABLE","MergeTree",1337227,"2026-03-18 22:48:39","",9,"creator_type","String",0,"","","",0,0,0,0,"","Default"
"cna","jp_researchers_research_projects_dedup","TABLE","MergeTree",1337227,"2026-03-18 22:48:39","",10,"created","String",0,"","","",0,0,0,0,"","Default"
"cna","jp_researchers_research_projects_dedup","TABLE","MergeTree",1337227,"2026-03-18 22:48:39","",11,"modifier_id","String",0,"","","",0,0,0,0,"","Default"
"cna","jp_researchers_research_projects_dedup","TABLE","MergeTree",1337227,"2026-03-18 22:48:39","",12,"modifier_type","String",0,"","","",0,0,0,0,"","Default"
"cna","jp_researchers_research_projects_dedup","TABLE","MergeTree",1337227,"2026-03-18 22:48:39","",13,"modified","String",0,"","","",0,0,0,0,"","Default"
"cna","jp_researchers_research_projects_dedup","TABLE","MergeTree",1337227,"2026-03-18 22:48:39","",14,"research_project_title_ja","String",0,"","","",0,0,0,0,"","Default"
"cna","jp_researchers_research_projects_dedup","TABLE","MergeTree",1337227,"2026-03-18 22:48:39","",15,"research_project_title_en","String",0,"","","",0,0,0,0,"","Default"
"cna","jp_researchers_research_projects_dedup","TABLE","MergeTree",1337227,"2026-03-18 22:48:39","",16,"offer_organization_ja","String",0,"","","",0,0,0,0,"","Default"
"cna","jp_researchers_research_projects_dedup","TABLE","MergeTree",1337227,"2026-03-18 22:48:39","",17,"offer_organization_en","String",0,"","","",0,0,0,0,"","Default"
"cna","jp_researchers_research_projects_dedup","TABLE","MergeTree",1337227,"2026-03-18 22:48:39","",18,"system_name_ja","String",0,"","","",0,0,0,0,"","Default"
"cna","jp_researchers_research_projects_dedup","TABLE","MergeTree",1337227,"2026-03-18 22:48:39","",19,"system_name_en","String",0,"","","",0,0,0,0,"","Default"
"cna","jp_researchers_research_projects_dedup","TABLE","MergeTree",1337227,"2026-03-18 22:48:39","",20,"category_ja","String",0,"","","",0,0,0,0,"","Default"
"cna","jp_researchers_research_projects_dedup","TABLE","MergeTree",1337227,"2026-03-18 22:48:39","",21,"category_en","String",0,"","","",0,0,0,0,"","Default"
"cna","jp_researchers_research_projects_dedup","TABLE","MergeTree",1337227,"2026-03-18 22:48:39","",22,"institution_name_ja","String",0,"","","",0,0,0,0,"","Default"
"cna","jp_researchers_research_projects_dedup","TABLE","MergeTree",1337227,"2026-03-18 22:48:39","",23,"institution_name_en","String",0,"","","",0,0,0,0,"","Default"
"cna","jp_researchers_research_projects_dedup","TABLE","MergeTree",1337227,"2026-03-18 22:48:39","",24,"from_date","String",0,"","","",0,0,0,0,"","Default"
"cna","jp_researchers_research_projects_dedup","TABLE","MergeTree",1337227,"2026-03-18 22:48:39","",25,"to_date","String",0,"","","",0,0,0,0,"","Default"
"cna","jp_researchers_research_projects_dedup","TABLE","MergeTree",1337227,"2026-03-18 22:48:39","",26,"research_project_owner_role","String",0,"","","",0,0,0,0,"","Default"
"cna","jp_researchers_research_projects_dedup","TABLE","MergeTree",1337227,"2026-03-18 22:48:39","",27,"fund_type","String",0,"","","",0,0,0,0,"","Default"
"cna","jp_researchers_research_projects_dedup","TABLE","MergeTree",1337227,"2026-03-18 22:48:39","",28,"total_cost","String",0,"","","",0,0,0,0,"","Default"
"cna","jp_researchers_research_projects_dedup","TABLE","MergeTree",1337227,"2026-03-18 22:48:39","",29,"direct_cost","String",0,"","","",0,0,0,0,"","Default"
"cna","jp_researchers_research_projects_dedup","TABLE","MergeTree",1337227,"2026-03-18 22:48:39","",30,"indirect_cost","String",0,"","","",0,0,0,0,"","Default"
"cna","jp_researchers_research_projects_dedup","TABLE","MergeTree",1337227,"2026-03-18 22:48:39","",31,"overall_grant_amount_text","String",0,"","","",0,0,0,0,"","Sparse"
"cna","jp_researchers_research_projects_dedup","TABLE","MergeTree",1337227,"2026-03-18 22:48:39","",32,"description_ja","String",0,"","","",0,0,0,0,"","Default"
"cna","jp_researchers_research_projects_dedup","TABLE","MergeTree",1337227,"2026-03-18 22:48:39","",33,"description_en","String",0,"","","",0,0,0,0,"","Default"
"cna","jp_researchers_research_projects_dedup","TABLE","MergeTree",1337227,"2026-03-18 22:48:39","",34,"investigators_json","String",0,"","","",0,0,0,0,"","Default"
"cna","jp_researchers_research_projects_dedup","TABLE","MergeTree",1337227,"2026-03-18 22:48:39","",35,"identifiers_json","String",0,"","","",0,0,0,0,"","Default"
"cna","jp_researchers_research_projects_dedup","TABLE","MergeTree",1337227,"2026-03-18 22:48:39","",36,"see_also_json","String",0,"","","",0,0,0,0,"","Default"
"cna","jp_researchers_research_projects_dedup","TABLE","MergeTree",1337227,"2026-03-18 22:48:39","",37,"is_international_collaboration","UInt8",0,"","","",0,0,0,0,"","Sparse"
"cna","jp_researchers_research_projects_dedup","TABLE","MergeTree",1337227,"2026-03-18 22:48:39","",38,"identifiers_id_modified","String",0,"","","",0,0,0,0,"","Default"
"cna","jp_researchers_research_projects_dedup","TABLE","MergeTree",1337227,"2026-03-18 22:48:39","",39,"raw_json","String",0,"","","",0,0,0,0,"","Default"
"cna","jp_researchers_research_projects_relation_budget","TABLE","MergeTree",1712864,"2026-07-01 16:24:36","kaken项目费用分摊",1,"id","Int64",0,"","","雪花id",0,1,1,0,"","Default"
"cna","jp_researchers_research_projects_relation_budget","TABLE","MergeTree",1712864,"2026-07-01 16:24:36","kaken项目费用分摊",2,"project_id","Nullable(String)",1,"","","kaken项目id",0,0,0,0,"",\N
"cna","jp_researchers_research_projects_relation_budget","TABLE","MergeTree",1712864,"2026-07-01 16:24:36","kaken项目费用分摊",3,"total_budget","Nullable(String)",1,"","","总费用",0,0,0,0,"",\N
"cna","jp_researchers_research_projects_relation_budget","TABLE","MergeTree",1712864,"2026-07-01 16:24:36","kaken项目费用分摊",4,"direct_budget","Nullable(String)",1,"","","直接费用",0,0,0,0,"",\N
"cna","jp_researchers_research_projects_relation_budget","TABLE","MergeTree",1712864,"2026-07-01 16:24:36","kaken项目费用分摊",5,"indirect_budget","Nullable(String)",1,"","","间接费用",0,0,0,0,"",\N
"cna","jp_researchers_research_projects_relation_budget","TABLE","MergeTree",1712864,"2026-07-01 16:24:36","kaken项目费用分摊",6,"year","Nullable(String)",1,"","","费用发生年份",0,0,0,0,"",\N
"cna","jp_researchers_research_projects_relation_budget","TABLE","MergeTree",1712864,"2026-07-01 16:24:36","kaken项目费用分摊",7,"value_source","String",0,"DEFAULT","'jp_researchers_research_projects_dedup'","值来源",0,0,0,0,"","Default"
"cna","jp_researchers_research_projects_relation_infos_2","TABLE","MergeTree",513538,"2025-05-25 23:06:23","研究项目相关性链接信息",1,"id","Int64",0,"","","主键雪花",0,1,1,0,"","Default"
"cna","jp_researchers_research_projects_relation_infos_2","TABLE","MergeTree",513538,"2025-05-25 23:06:23","研究项目相关性链接信息",2,"url","String",0,"","","研究项目链接",0,0,0,0,"","Default"
"cna","jp_researchers_research_projects_relation_infos_2","TABLE","MergeTree",513538,"2025-05-25 23:06:23","研究项目相关性链接信息",3,"parent_url","String",0,"","","父项目链接",0,0,0,0,"","Sparse"
"cna","jp_researchers_research_projects_relation_infos_2","TABLE","MergeTree",513538,"2025-05-25 23:06:23","研究项目相关性链接信息",4,"parent_project_id","String",0,"","","被引用的研究项目内部 ID，对应 rm:id",0,0,0,0,"","Default"
"cna","jp_researchers_research_projects_relation_infos_2","TABLE","MergeTree",513538,"2025-05-25 23:06:23","研究项目相关性链接信息",5,"project_id","String",0,"","","项目/区域编号",0,0,0,0,"","Default"
"cna","jp_researchers_research_projects_relation_infos_2","TABLE","MergeTree",513538,"2025-05-25 23:06:23","研究项目相关性链接信息",6,"research_category","Nullable(String)",1,"","","研究类被",0,0,0,0,"",\N
"cna","jp_researchers_research_projects_relation_infos_2","TABLE","MergeTree",513538,"2025-05-25 23:06:23","研究项目相关性链接信息",7,"allocation_type","Nullable(String)",1,"","","分配类型",0,0,0,0,"",\N
"cna","jp_researchers_research_projects_relation_infos_2","TABLE","MergeTree",513538,"2025-05-25 23:06:23","研究项目相关性链接信息",8,"research_field","Nullable(String)",1,"","","研究领域",0,0,0,0,"",\N
"cna","jp_researchers_research_projects_relation_infos_2","TABLE","MergeTree",513538,"2025-05-25 23:06:23","研究项目相关性链接信息",9,"research_institution","Nullable(String)",1,"","","研究结构",0,0,0,0,"",\N
"cna","jp_researchers_research_projects_relation_infos_2","TABLE","MergeTree",513538,"2025-05-25 23:06:23","研究项目相关性链接信息",10,"primary_investigator","Nullable(String)",1,"","","首席研究员",0,0,0,0,"",\N
"cna","jp_researchers_research_projects_relation_infos_2","TABLE","MergeTree",513538,"2025-05-25 23:06:23","研究项目相关性链接信息",11,"project_period","Nullable(String)",1,"","","项目周期",0,0,0,0,"",\N
"cna","jp_researchers_research_projects_relation_infos_2","TABLE","MergeTree",513538,"2025-05-25 23:06:23","研究项目相关性链接信息",12,"project_status","Nullable(String)",1,"","","项目状态",0,0,0,0,"",\N
"cna","jp_researchers_research_projects_relation_infos_2","TABLE","MergeTree",513538,"2025-05-25 23:06:23","研究项目相关性链接信息",13,"budget_amount_total","Nullable(String)",1,"","","总预算金额",0,0,0,0,"",\N
"cna","jp_researchers_research_projects_relation_infos_2","TABLE","MergeTree",513538,"2025-05-25 23:06:23","研究项目相关性链接信息",14,"budget_amount_detail","Nullable(String)",1,"","","预算金额明细，JSON格式",0,0,0,0,"",\N
"cna","jp_researchers_research_projects_relation_infos_2","TABLE","MergeTree",513538,"2025-05-25 23:06:23","研究项目相关性链接信息",15,"keywords","Nullable(String)",1,"","","关键字",0,0,0,0,"",\N
"cna","jp_researchers_research_projects_relation_infos_2","TABLE","MergeTree",513538,"2025-05-25 23:06:23","研究项目相关性链接信息",16,"abstracts","Nullable(String)",1,"","","研究摘要",0,0,0,0,"",\N
"cna","jp_researchers_research_projects_relation_infos_2","TABLE","MergeTree",513538,"2025-05-25 23:06:23","研究项目相关性链接信息",17,"co_investigator","Nullable(String)",1,"","","合作研究院",0,0,0,0,"",\N
"cna","jp_researchers_research_projects_relation_infos_2","TABLE","MergeTree",513538,"2025-05-25 23:06:23","研究项目相关性链接信息",18,"selection","Nullable(String)",1,"","","选择性",0,0,0,0,"",\N
"cna","jp_researchers_research_projects_relation_infos_2","TABLE","MergeTree",513538,"2025-05-25 23:06:23","研究项目相关性链接信息",19,"created","Nullable(DateTime64(3))",1,"","","创建时间",0,0,0,0,"",\N
"cna","jp_researchers_research_projects_relation_infos_2","TABLE","MergeTree",513538,"2025-05-25 23:06:23","研究项目相关性链接信息",20,"modified","Nullable(DateTime64(3))",1,"","","修改时间",0,0,0,0,"",\N
"cna","jp_researchers_university_rankings","TABLE","MergeTree",23613,"2026-07-23 23:04:44","",1,"year","UInt16",0,"","","",0,1,1,0,"","Default"
"cna","jp_researchers_university_rankings","TABLE","MergeTree",23613,"2026-07-23 23:04:44","",2,"rank_raw","String",0,"","","",0,0,0,0,"","Default"
"cna","jp_researchers_university_rankings","TABLE","MergeTree",23613,"2026-07-23 23:04:44","",3,"rank_min","Nullable(UInt32)",1,"","","",0,0,0,0,"",\N
"cna","jp_researchers_university_rankings","TABLE","MergeTree",23613,"2026-07-23 23:04:44","",4,"rank_max","Nullable(UInt32)",1,"","","",0,0,0,0,"",\N
"cna","jp_researchers_university_rankings","TABLE","MergeTree",23613,"2026-07-23 23:04:44","",5,"rank_prefix","Nullable(String)",1,"","","",0,0,0,0,"",\N
"cna","jp_researchers_university_rankings","TABLE","MergeTree",23613,"2026-07-23 23:04:44","",6,"university_name","String",0,"","","",0,1,1,0,"","Default"
"cna","jp_researchers_university_rankings","TABLE","MergeTree",23613,"2026-07-23 23:04:44","",7,"university_name_zh","String",0,"","","",0,1,1,0,"","Default"
"cna","jp_researchers_university_rankings","TABLE","MergeTree",23613,"2026-07-23 23:04:44","",8,"country","String",0,"","","",0,0,0,0,"","Default"
"cna","jp_researchers_university_rankings","TABLE","MergeTree",23613,"2026-07-23 23:04:44","",9,"country_zh","String",0,"","","",0,0,0,0,"","Default"
"cna","v_jp_researchers_assistant_professor_experience","VIEW","View",\N,"2026-07-18 18:53:43","",1,"researcher_user_id","String",0,"","","",0,0,0,0,"",\N
"cna","v_jp_researchers_assistant_professor_experience","VIEW","View",\N,"2026-07-18 18:53:43","",2,"from_date","Int16",0,"","","",0,0,0,0,"",\N
"cna","v_jp_researchers_assistant_professor_experience","VIEW","View",\N,"2026-07-18 18:53:43","",3,"to_date","Int16",0,"","","",0,0,0,0,"",\N
"cna","v_jp_researchers_assistant_professor_experience","VIEW","View",\N,"2026-07-18 18:53:43","",4,"affiliation","String",0,"","","",0,0,0,0,"",\N
"cna","v_jp_researchers_assistant_professor_experience","VIEW","View",\N,"2026-07-18 18:53:43","",5,"college","String",0,"","","",0,0,0,0,"",\N
"cna","v_jp_researchers_assistant_professor_experience","VIEW","View",\N,"2026-07-18 18:53:43","",6,"college_country","String",0,"","","",0,0,0,0,"",\N
"cna","v_jp_researchers_assistant_professor_experience","VIEW","View",\N,"2026-07-18 18:53:43","",7,"operation_type","String",0,"","","",0,0,0,0,"",\N
"cna","v_jp_researchers_assistant_professor_experience","VIEW","View",\N,"2026-07-18 18:53:43","",8,"admin1","String",0,"","","",0,0,0,0,"",\N
"cna","v_jp_researchers_assistant_professor_experience","VIEW","View",\N,"2026-07-18 18:53:43","",9,"admin2","Nullable(String)",1,"","","",0,0,0,0,"",\N
"cna","v_jp_researchers_degree_of_doctor","VIEW","View",\N,"2026-07-18 18:54:36","",1,"researcher_user_id","String",0,"","","",0,0,0,0,"",\N
"cna","v_jp_researchers_degree_of_doctor","VIEW","View",\N,"2026-07-18 18:54:36","",2,"degree_en","String",0,"","","",0,0,0,0,"",\N
"cna","v_jp_researchers_degree_of_doctor","VIEW","View",\N,"2026-07-18 18:54:36","",3,"degree_ja","String",0,"","","",0,0,0,0,"",\N
"cna","v_jp_researchers_degree_of_doctor","VIEW","View",\N,"2026-07-18 18:54:36","",4,"degree_institution_ja","String",0,"","","",0,0,0,0,"",\N
"cna","v_jp_researchers_degree_of_doctor","VIEW","View",\N,"2026-07-18 18:54:36","",5,"degree_institution_en","String",0,"","","",0,0,0,0,"",\N
"cna","v_jp_researchers_degree_of_doctor","VIEW","View",\N,"2026-07-18 18:54:36","",6,"affiliation","String",0,"","","",0,0,0,0,"",\N
"cna","v_jp_researchers_degree_of_doctor","VIEW","View",\N,"2026-07-18 18:54:36","",7,"college","String",0,"","","",0,0,0,0,"",\N
"cna","v_jp_researchers_degree_of_doctor","VIEW","View",\N,"2026-07-18 18:54:36","",8,"college_country","String",0,"","","",0,0,0,0,"",\N
"cna","v_jp_researchers_degree_of_doctor","VIEW","View",\N,"2026-07-18 18:54:36","",9,"operation_type","String",0,"","","",0,0,0,0,"",\N
"cna","v_jp_researchers_degree_of_doctor","VIEW","View",\N,"2026-07-18 18:54:36","",10,"admin1","String",0,"","","",0,0,0,0,"",\N
"cna","v_jp_researchers_degree_of_doctor","VIEW","View",\N,"2026-07-18 18:54:36","",11,"admin2","Nullable(String)",1,"","","",0,0,0,0,"",\N
"cna","v_jp_researchers_degree_of_doctor","VIEW","View",\N,"2026-07-18 18:54:36","",12,"degree_institution_code","String",0,"","","",0,0,0,0,"",\N
"cna","v_jp_researchers_degree_of_doctor","VIEW","View",\N,"2026-07-18 18:54:36","",13,"degree_date","String",0,"","","",0,0,0,0,"",\N
"cna","v_jp_researchers_degree_of_doctor_detail","VIEW","View",\N,"2025-08-15 18:01:43","",1,"researcher_user_id","String",0,"","","",0,0,0,0,"",\N
"cna","v_jp_researchers_degree_of_doctor_detail","VIEW","View",\N,"2025-08-15 18:01:43","",2,"family_name","Nullable(String)",1,"","","",0,0,0,0,"",\N
"cna","v_jp_researchers_degree_of_doctor_detail","VIEW","View",\N,"2025-08-15 18:01:43","",3,"given_name","Nullable(String)",1,"","","",0,0,0,0,"",\N
"cna","v_jp_researchers_degree_of_doctor_detail","VIEW","View",\N,"2025-08-15 18:01:43","",4,"gender","Nullable(String)",1,"","","",0,0,0,0,"",\N
"cna","v_jp_researchers_degree_of_doctor_detail","VIEW","View",\N,"2025-08-15 18:01:43","",5,"degree","String",0,"","","",0,0,0,0,"",\N
"cna","v_jp_researchers_degree_of_doctor_detail","VIEW","View",\N,"2025-08-15 18:01:43","",6,"degree_date","Nullable(Int32)",1,"","","",0,0,0,0,"",\N
"cna","v_jp_researchers_degree_of_doctor_detail","VIEW","View",\N,"2025-08-15 18:01:43","",7,"degree_institute","Nullable(String)",1,"","","",0,0,0,0,"",\N
"cna","v_jp_researchers_degree_of_doctor_detail","VIEW","View",\N,"2025-08-15 18:01:43","",8,"degreeType","String",0,"","","",0,0,0,0,"",\N
"cna","v_jp_researchers_degree_of_doctor_detail","VIEW","View",\N,"2025-08-15 18:01:43","",9,"discipline","String",0,"","","",0,0,0,0,"",\N
"cna","v_jp_researchers_degree_of_doctor_detail","VIEW","View",\N,"2025-08-15 18:01:43","",10,"disciplineCount","UInt64",0,"","","",0,0,0,0,"",\N
"cna","v_jp_researchers_degree_of_doctor_detail","VIEW","View",\N,"2025-08-15 18:01:43","",11,"research","String",0,"","","",0,0,0,0,"",\N
"cna","v_jp_researchers_degree_of_doctor_detail","VIEW","View",\N,"2025-08-15 18:01:43","",12,"last_modify_date","DateTime",0,"","","",0,0,0,0,"",\N
"cna","v_jp_researchers_full_professor_experience","VIEW","View",\N,"2026-07-18 18:51:46","",1,"researcher_user_id","String",0,"","","",0,0,0,0,"",\N
"cna","v_jp_researchers_full_professor_experience","VIEW","View",\N,"2026-07-18 18:51:46","",2,"from_date","Int16",0,"","","",0,0,0,0,"",\N
"cna","v_jp_researchers_full_professor_experience","VIEW","View",\N,"2026-07-18 18:51:46","",3,"to_date","Int16",0,"","","",0,0,0,0,"",\N
"cna","v_jp_researchers_full_professor_experience","VIEW","View",\N,"2026-07-18 18:51:46","",4,"affiliation","String",0,"","","",0,0,0,0,"",\N
"cna","v_jp_researchers_full_professor_experience","VIEW","View",\N,"2026-07-18 18:51:46","",5,"college","String",0,"","","",0,0,0,0,"",\N
"cna","v_jp_researchers_full_professor_experience","VIEW","View",\N,"2026-07-18 18:51:46","",6,"college_country","String",0,"","","",0,0,0,0,"",\N
"cna","v_jp_researchers_full_professor_experience","VIEW","View",\N,"2026-07-18 18:51:46","",7,"operation_type","String",0,"","","",0,0,0,0,"",\N
"cna","v_jp_researchers_full_professor_experience","VIEW","View",\N,"2026-07-18 18:51:46","",8,"admin1","String",0,"","","",0,0,0,0,"",\N
"cna","v_jp_researchers_full_professor_experience","VIEW","View",\N,"2026-07-18 18:51:46","",9,"admin2","Nullable(String)",1,"","","",0,0,0,0,"",\N
"cna","v_jp_researchers_kaken_project","VIEW","View",\N,"2026-07-01 18:46:43","",1,"kaken_id","String",0,"","","",0,0,0,0,"",\N
"cna","v_jp_researchers_kaken_project","VIEW","View",\N,"2026-07-01 18:46:43","",2,"research_category","Nullable(String)",1,"","","",0,0,0,0,"",\N
"cna","v_jp_researchers_kaken_project","VIEW","View",\N,"2026-07-01 18:46:43","",3,"allocation_type","Nullable(String)",1,"","","",0,0,0,0,"",\N
"cna","v_jp_researchers_kaken_project","VIEW","View",\N,"2026-07-01 18:46:43","",4,"research_field","Nullable(String)",1,"","","",0,0,0,0,"",\N
"cna","v_jp_researchers_kaken_project","VIEW","View",\N,"2026-07-01 18:46:43","",5,"research_institution","Nullable(String)",1,"","","",0,0,0,0,"",\N
"cna","v_jp_researchers_kaken_project","VIEW","View",\N,"2026-07-01 18:46:43","",6,"primary_investigator","Nullable(String)",1,"","","",0,0,0,0,"",\N
"cna","v_jp_researchers_kaken_project","VIEW","View",\N,"2026-07-01 18:46:43","",7,"project_period_start","Nullable(Date)",1,"","","",0,0,0,0,"",\N
"cna","v_jp_researchers_kaken_project","VIEW","View",\N,"2026-07-01 18:46:43","",8,"project_period_end","Nullable(Date)",1,"","","",0,0,0,0,"",\N
"cna","v_jp_researchers_kaken_project","VIEW","View",\N,"2026-07-01 18:46:43","",9,"project_status","Nullable(String)",1,"","","",0,0,0,0,"",\N
"cna","v_jp_researchers_kaken_project","VIEW","View",\N,"2026-07-01 18:46:43","",10,"keywords","Nullable(String)",1,"","","",0,0,0,0,"",\N
"cna","v_jp_researchers_kaken_project","VIEW","View",\N,"2026-07-01 18:46:43","",11,"abstracts","Nullable(String)",1,"","","",0,0,0,0,"",\N
"cna","v_jp_researchers_kaken_project_annual_budget","VIEW","View",\N,"2026-07-03 08:53:05","",1,"kaken_id","String",0,"","","",0,0,0,0,"",\N
"cna","v_jp_researchers_kaken_project_annual_budget","VIEW","View",\N,"2026-07-03 08:53:05","",2,"budget_year","Nullable(UInt16)",1,"","","",0,0,0,0,"",\N
"cna","v_jp_researchers_kaken_project_annual_budget","VIEW","View",\N,"2026-07-03 08:53:05","",3,"total_budget","Nullable(UInt64)",1,"","","",0,0,0,0,"",\N
"cna","v_jp_researchers_kaken_project_annual_budget","VIEW","View",\N,"2026-07-03 08:53:05","",4,"direct_budget","Nullable(UInt64)",1,"","","",0,0,0,0,"",\N
"cna","v_jp_researchers_kaken_project_member","VIEW","View",\N,"2026-07-03 08:53:05","",1,"kaken_id","String",0,"","","",0,0,0,0,"",\N
"cna","v_jp_researchers_kaken_project_member","VIEW","View",\N,"2026-07-03 08:53:05","",2,"kaken_researcher_id","Nullable(String)",1,"","","",0,0,0,0,"",\N
"cna","v_jp_researchers_kaken_project_member","VIEW","View",\N,"2026-07-03 08:53:05","",3,"user_id","Nullable(String)",1,"","","",0,0,0,0,"",\N
"cna","v_jp_researchers_kaken_project_member","VIEW","View",\N,"2026-07-03 08:53:05","",4,"researcher_name","Nullable(String)",1,"","","",0,0,0,0,"",\N
"cna","v_jp_researchers_kaken_project_member","VIEW","View",\N,"2026-07-03 08:53:05","",5,"institution","Nullable(String)",1,"","","",0,0,0,0,"",\N
"cna","v_jp_researchers_kaken_project_member","VIEW","View",\N,"2026-07-03 08:53:05","",6,"role","String",0,"","","",0,0,0,0,"",\N
"cna","v_jp_researchers_kaken_project_member","VIEW","View",\N,"2026-07-03 08:53:05","",7,"role_detail","String",0,"","","",0,0,0,0,"",\N
"cna","v_jp_researchers_kaken_project_member","VIEW","View",\N,"2026-07-03 08:53:05","",8,"person_order","UInt16",0,"","","",0,0,0,0,"",\N
"cna","v_jp_researchers_kaken_project_member","VIEW","View",\N,"2026-07-03 08:53:05","",9,"grant_url","String",0,"","","",0,0,0,0,"",\N
"cna","v_jp_researchers_lecture_experience","VIEW","View",\N,"2026-07-18 18:56:28","",1,"researcher_user_id","String",0,"","","",0,0,0,0,"",\N
"cna","v_jp_researchers_lecture_experience","VIEW","View",\N,"2026-07-18 18:56:28","",2,"from_date","String",0,"","","",0,0,0,0,"",\N
"cna","v_jp_researchers_lecture_experience","VIEW","View",\N,"2026-07-18 18:56:28","",3,"to_date","String",0,"","","",0,0,0,0,"",\N
"cna","v_jp_researchers_lecture_experience","VIEW","View",\N,"2026-07-18 18:56:28","",4,"affiliation","String",0,"","","",0,0,0,0,"",\N
"cna","v_jp_researchers_lecture_experience","VIEW","View",\N,"2026-07-18 18:56:28","",5,"college","String",0,"","","",0,0,0,0,"",\N
"cna","v_jp_researchers_lecture_experience","VIEW","View",\N,"2026-07-18 18:56:28","",6,"college_country","String",0,"","","",0,0,0,0,"",\N
"cna","v_jp_researchers_lecture_experience","VIEW","View",\N,"2026-07-18 18:56:28","",7,"admin1","String",0,"","","",0,0,0,0,"",\N
"cna","v_jp_researchers_lecture_experience","VIEW","View",\N,"2026-07-18 18:56:28","",8,"admin2","Nullable(String)",1,"","","",0,0,0,0,"",\N
"cna","v_jp_researchers_lecture_experience","VIEW","View",\N,"2026-07-18 18:56:28","",9,"operation_type","String",0,"","","",0,0,0,0,"",\N
"cna","v_jp_researchers_post_doctoral_experience","VIEW","View",\N,"2026-07-18 18:57:19","",1,"researcher_user_id","String",0,"","","",0,0,0,0,"",\N
"cna","v_jp_researchers_post_doctoral_experience","VIEW","View",\N,"2026-07-18 18:57:19","",2,"affiliation","String",0,"","","",0,0,0,0,"",\N
"cna","v_jp_researchers_post_doctoral_experience","VIEW","View",\N,"2026-07-18 18:57:19","",3,"job","String",0,"","","",0,0,0,0,"",\N
"cna","v_jp_researchers_post_doctoral_experience","VIEW","View",\N,"2026-07-18 18:57:19","",4,"from_date","String",0,"","","",0,0,0,0,"",\N
"cna","v_jp_researchers_post_doctoral_experience","VIEW","View",\N,"2026-07-18 18:57:19","",5,"to_date","String",0,"","","",0,0,0,0,"",\N
"cna","v_jp_researchers_post_doctoral_experience","VIEW","View",\N,"2026-07-18 18:57:19","",6,"college","String",0,"","","",0,0,0,0,"",\N
"cna","v_jp_researchers_post_doctoral_experience","VIEW","View",\N,"2026-07-18 18:57:19","",7,"college_country","String",0,"","","",0,0,0,0,"",\N
"cna","v_jp_researchers_post_doctoral_experience","VIEW","View",\N,"2026-07-18 18:57:19","",8,"operation_type","String",0,"","","",0,0,0,0,"",\N
"cna","v_jp_researchers_post_doctoral_experience","VIEW","View",\N,"2026-07-18 18:57:19","",9,"admin1","String",0,"","","",0,0,0,0,"",\N
"cna","v_jp_researchers_post_doctoral_experience","VIEW","View",\N,"2026-07-18 18:57:19","",10,"admin2","Nullable(String)",1,"","","",0,0,0,0,"",\N
"cna","v_jp_researchers_teaching_assistant_experience","VIEW","View",\N,"2026-07-18 18:58:12","",1,"researcher_user_id","String",0,"","","",0,0,0,0,"",\N
"cna","v_jp_researchers_teaching_assistant_experience","VIEW","View",\N,"2026-07-18 18:58:12","",2,"from_date","String",0,"","","",0,0,0,0,"",\N
"cna","v_jp_researchers_teaching_assistant_experience","VIEW","View",\N,"2026-07-18 18:58:12","",3,"to_date","String",0,"","","",0,0,0,0,"",\N
"cna","v_jp_researchers_teaching_assistant_experience","VIEW","View",\N,"2026-07-18 18:58:12","",4,"affiliation","String",0,"","","",0,0,0,0,"",\N
"cna","v_jp_researchers_teaching_assistant_experience","VIEW","View",\N,"2026-07-18 18:58:12","",5,"college","String",0,"","","",0,0,0,0,"",\N
"cna","v_jp_researchers_teaching_assistant_experience","VIEW","View",\N,"2026-07-18 18:58:12","",6,"college_country","String",0,"","","",0,0,0,0,"",\N
"cna","v_jp_researchers_teaching_assistant_experience","VIEW","View",\N,"2026-07-18 18:58:12","",7,"admin1","String",0,"","","",0,0,0,0,"",\N
"cna","v_jp_researchers_teaching_assistant_experience","VIEW","View",\N,"2026-07-18 18:58:12","",8,"admin2","Nullable(String)",1,"","","",0,0,0,0,"",\N
"cna","v_jp_researchers_teaching_assistant_experience","VIEW","View",\N,"2026-07-18 18:58:12","",9,"operation_type","String",0,"","","",0,0,0,0,"",\N
