data_segment,current_available_data,observed_problem,missing_data,reconfirmation_required,supplement_required,impact_on_study2,proposed_action,priority
Researcher identity,"jp_researchers.user_id; child-table researcher_user_id","Identifier exists but no explicit linkage-quality field across every source","linkage confidence; duplicate-person resolution","Confirm user_id stability across snapshots and whether merged profiles retain IDs","researcher linkage audit and cross-snapshot ID history","Incorrect joins can duplicate or split careers","Use user_id as key; audit duplicates and unmatched child records",HIGH
Gender,"M/F/NULL in jp_researchers_extra; 72,475 of 78,208 valid-PhD researchers have M/F","5,733 valid-PhD researchers lack M/F; no provenance","gender_source; coding date; nonbinary/unknown distinction","Confirm how gender was generated and whether NULL means unknown or unavailable","provenance table or documented gender-generation rule","Primary gender comparison loses 7.33% and may be selectively missing","Report exclusions; compare missingness by field/cohort; never infer from names",HIGH
Doctoral year,"78,208 researchers in doctor-detail view with year 1900-2026","View supplies one usable year but award/completion semantics are not documented in output","degree-date precision flag; validation source; multiple-doctorate decision","Confirm degree_date is award/completion year and view selection rule for multiple doctorates","degree title audit; raw-degree-to-view reconciliation","Risk-set entry can shift by one or select wrong doctorate","Validate a stratified sample and document PhD-year definition",CRITICAL
Doctoral discipline,"discipline available for 77,919 of 78,208 valid-PhD researchers","289 missing; values may combine several fields and are not yet harmonized","single analytical discipline; harmonization confidence","Confirm whether doctoral discipline or current research field is primary control","field crosswalk and multi-field rule","Field adjustment and stratified models may be inconsistent","Create stable harmonized discipline plus raw-value audit",HIGH
Career-history coverage,"63,227 valid-PhD researchers have career rows; 61,735 have a dated row","14,981 have no career row; 1,492 have records but no valid start year","observation-start/end metadata; reason for absent history","Confirm whether no row means profile omission, API coverage gap, or no employment record","career coverage indicators and profile-update history","Cannot construct mobility or censoring reliably for uncovered careers","Define minimum coverage; retain separate NO_RECORD and UNDATED_RECORD states",CRITICAL
Career dates,"from_date/to_date strings at year, month, or day precision","4.09% start dates and 12.16% end dates empty in PhD rows; mixed precision; 9999 sentinel","date-precision field; verified meaning of empty and 9999","Confirm 9999 means current and whether end dates are inclusive","parsed year/month/day and precision flags","Move ordering and overlap can be misclassified","Use interval logic by available precision; mark same-year order ambiguity",CRITICAL
Career-record type,"Research-experience rows contain affiliation, section and job text","Rows mix formal appointments, visiting roles, research roles and possibly other experiences","structured appointment type","Confirm scope of research_experience source and included record types","appointment-type dictionary or manual-labelled training sample","Move count may count visits or secondary roles as job moves","Classify record types; primary analysis excludes low-confidence nonappointments",CRITICAL
Primary affiliation,"Concurrent records can be observed","No primary_affiliation_flag","primary/secondary indicator; appointment workload","Confirm whether source API has hidden ordering or display priority","official primary-affiliation field or documented deterministic hierarchy","Cannot directly define one institution per researcher-year","Build transparent hierarchy and AMBIGUOUS_PRIMARY_AFFILIATION flag",CRITICAL
Employment status,"Job and affiliation free text","No full_time_flag; no structured part-time/visiting/guest status","full-time/part-time; visiting; adjunct; guest; concurrent percentage","Confirm whether these values exist in raw JSON or upstream API","employment-status extraction or labelled title dictionary","Parallel records cannot be interpreted as simultaneous full-time jobs","Use conservative text flags only; run sensitivity excluding uncertain roles",HIGH
Institution code,"rm_institution_code on every row","35.97% of PhD career rows use unknown code 9999999999","valid stable institution ID for unknown-code rows","Confirm code hierarchy and whether codes denote university, department or facility","official institution master and code crosswalk","Unknown IDs inflate or hide move counts","Treat 9999999999 as missing; combine code and validated name crosswalk",CRITICAL
Institution standardization,"institute_property original_institute to college mapping","Exact match covers 52.22% of PhD career rows; standardized college values require language/identity review","canonical ID; alias confidence; unmatched-name resolution","Confirm college field language, provenance and uniqueness","canonical institution table with aliases","String changes can be falsely counted as moves","Create versioned alias crosswalk with match method and confidence",CRITICAL
Institution history,"Current names and codes","No effective-dated rename/merger history","predecessor/successor IDs; effective dates","Confirm ID policy for renamed and merged universities","historical institution lineage table","Renames/mergers may create false institutional moves","Collapse lineage-preserving changes; flag true organizational mergers separately",HIGH
Institution hierarchy,"Affiliation and section strings plus code","University, faculty, graduate school and hospital may share or split codes","parent institution ID; unit type","Confirm whether rm_institution_code is campus/unit/parent code","parent-child institution crosswalk","Within-university unit changes may be counted as external moves","Count moves at parent-institution level; retain unit changes separately",CRITICAL
Institution properties,"college_country exists in property table","zone, operation_type and college_type are 100% empty","national/public/private; university/research institute; sector","Confirm whether updated property values exist upstream or require another permission/table","official institution property snapshot","Cannot adjust for institution type or describe destination sector","Do not model empty fields; request populated official properties",HIGH
Geography,"address_country on career rows; college_country in partial property mapping","address_country missing for 89.14% of PhD career rows; prefecture absent","prefecture; city; validated country crosswalk","Confirm country precedence between career and institution property","official institution geography crosswalk","Domestic/overseas context is incomplete; geographic mobility unavailable","Use country only where validated; defer prefecture mobility",MEDIUM
Rank standardization,"Combined Japanese/English job and affiliation text","41.64% raw job fields empty; 46.30% rows unresolved by conservative broad-rank rules","validated rank dictionary; ambiguity flag","Confirm historical titles including 助教授 and institution-specific titles","manual title audit and standardized rank dictionary","AP event and pre-AP career states can be misclassified","Prioritize AP dictionary; stratified manual review of unresolved/frequent titles",CRITICAL
First AP event,"27,476 valid-PhD researchers have AP text; 26,805 have valid AP year","671 lack AP start year; 7,829 use affiliation text for AP evidence; 1,837 first observed at AP or tied","event-quality and left-truncation flags","Confirm title patterns and handling of embedded titles/ties","rank-title audit with manual-review outcomes","Outcome error and left truncation affect promotion timeline","Use validated AP only; exclude first-observed AP in main risk set; sensitivity analysis",CRITICAL
Concurrent/overlap records,"Year and month intervals can be expanded","Year overlap overstates concurrency; 34,274 are same-year sequential movers; 17,548 strict different-institution month-overlap candidates","primary role; workload; exact day ordering for month-only records","Confirm end-date inclusivity and whether secondary roles are included","primary/full-time fields or labelled concurrency sample","Raw overlap cannot be treated as multiple full-time jobs","Separate sequential moves from concurrent candidates; flag ambiguity",CRITICAL
Censoring and observation endpoint,"record modified timestamps and open intervals","Record update is not a guaranteed observation endpoint; source snapshot is uneven","researcher-level last-observed date; profile completeness","Confirm extraction date and whether missing recent records mean censoring or stale profile","snapshot manifest and researcher coverage endpoint","Censor year and risk duration may be wrong","Define conservative common endpoint and coverage sensitivity samples",CRITICAL
Move-count construction,"Career intervals and institution keys","Raw record count mixes unit changes, aliases, visits and true moves","canonical primary institution-year sequence","Confirm move definition and same-year rules before analysis","validated move-event table with reason/quality flags","Main explanatory variable may be systematically mismeasured","Freeze move rules before modeling; audit random and edge cases",CRITICAL
Ranking and institution size,"Not required for core move-count model","No validated linked annual ranking/size panel in current feasibility source","annual ranking percentile; student/faculty counts; coverage indicators","Confirm these remain secondary robustness variables","external ranking and official institution statistics crosswalk","Should not block core Study 2 but affects secondary interpretation","Defer until core move panel is valid; document coverage",LOW
